"ID","Area","Feature","Actor","User story","Expected behavior","Primary surfaces","Evidence source","Automation coverage","Test status","Last test evidence","Error / UX issue","Fix status","Retest status","Notes"
"AUTH-001","Authentication","CSRF token","Visitor","As a visitor I need a CSRF token before state-changing auth requests so that browser requests are protected.","GET /api/auth/csrf returns a CSRF token and mutating requests can use it successfully.","API","backend/src/routes/auth.ts; frontend/src/api/client.ts","backend tests","Passed automated current loop","2026-06-22: backend lint, build and Jest passed; 19 suites / 57 tests. Production audit high passed: 0 vulnerabilities.","","","Passed automated retest",""
"AUTH-002","Authentication","Registration challenge","Visitor","As a visitor I need registration bot checks so automated registrations are slowed down.","GET /api/auth/register/challenge returns a token with minimum fill time and expiry; register rejects missing or invalid challenge.","API, Login page","backend/src/routes/auth.ts; backend/src/utils/registrationChallenge.ts; frontend/src/pages/LoginPage.tsx","backend tests","Passed automated current loop","2026-06-22: backend lint, build and Jest passed; 19 suites / 57 tests. Production audit high passed: 0 vulnerabilities.","","","Passed automated retest",""
"AUTH-003","Authentication","Cloudflare Turnstile registration check","Visitor","As a visitor I must pass Turnstile when enabled before creating an account.","Registration validates the Turnstile token against Cloudflare when enabled and accepts disabled mode from env.","API, Login page","backend/src/services/turnstileService.ts; frontend/src/pages/LoginPage.tsx","backend tests + frontend/manual config review","Passed automated current loop","2026-06-22: full backend Jest passed: 24 suites / 89 tests including turnstile-service.test.ts 5 tests. README/.env.example document VITE_TURNSTILE_SITE_KEY matching TURNSTILE_SITE_KEY.","Turnstile Vite site key relationship was previously under-documented for operators.","Fixed docs/env example; backend verifier covered for disabled, missing token, missing secret, Cloudflare success/failure and network error.","Passed automated retest","Live Cloudflare widget delivery still depends on valid production site/secret keys."
"AUTH-004","Authentication","Registration policy open mode","Visitor","As a visitor I can register when admin allows open registration.","A valid email and password create a user, mark invite if supplied, and issue a session cookie.","API, Login page","backend/src/routes/auth.ts; backend/src/services/registrationPolicyService.ts","backend tests","Passed automated current loop","2026-06-22: backend lint, build and Jest passed; 19 suites / 57 tests. Production audit high passed: 0 vulnerabilities.","","","Passed automated retest",""
"AUTH-005","Authentication","Registration disabled mode","Visitor","As a visitor I cannot register when registration is disabled.","Registration returns 403 and does not create a user when global setting disables registration.","API, Admin settings","backend/src/routes/auth.ts; backend/src/routes/admin.ts","backend tests","Passed automated current loop","2026-06-22: backend lint, build and Jest passed; 19 suites / 57 tests. Production audit high passed: 0 vulnerabilities.","","","Passed automated retest",""
"AUTH-006","Authentication","Domain allowlist registration","Visitor","As a visitor I can register only from allowed email domains when allowlist mode is enabled.","Registration accepts allowed domains and rejects non-allowed domains.","API, Admin settings","backend/src/services/registrationPolicyService.ts","backend tests","Passed automated current loop","2026-06-22: backend lint, build and Jest passed; 19 suites / 57 tests. Production audit high passed: 0 vulnerabilities.","","","Passed automated retest",""
"AUTH-007","Authentication","Invite-only registration","Visitor","As a visitor I can register with a valid invite when invite-only mode is enabled.","Valid unused invite allows registration, marks invite used, and expired/used/missing invites are rejected.","API, Admin invites, Login page","backend/src/routes/auth.ts; backend/src/routes/admin.ts; frontend/src/pages/AdminPage.tsx","backend tests","Passed automated current loop","2026-06-22: backend lint, build and Jest passed; 19 suites / 57 tests. Production audit high passed: 0 vulnerabilities.","","","Passed automated retest",""
"AUTH-008","Authentication","Email and password login","User","As a user I can log in with email and password.","Valid credentials issue session cookie unless 2FA is required; invalid credentials are rejected and rate limited.","API, Login page","backend/src/routes/auth.ts; frontend/src/pages/LoginPage.tsx","backend tests","Passed automated current loop","2026-06-22: backend lint, build and Jest passed; 19 suites / 57 tests. Production audit high passed: 0 vulnerabilities.","","","Passed automated retest",""
"AUTH-009","Authentication","Telegram 2FA login","User","As a user with Telegram 2FA I must enter the Telegram code after password login.","Password login returns requires2fa, sends Telegram code, verify endpoint accepts the code and issues a session.","API, Login page, Telegram bot","backend/src/routes/auth.ts; bot/bot.py","manual/partial","Manual pending","","","","",""
"AUTH-010","Authentication","TOTP 2FA login","User","As a user with app TOTP enabled I must enter the authenticator code after password login.","Password login returns TOTP requirement and verify endpoint accepts valid TOTP within the configured window.","API, Login page","backend/src/routes/auth.ts; backend/src/services/totpService.ts","backend tests","Passed automated current loop","2026-06-22: backend lint, build and Jest passed; 19 suites / 57 tests. Production audit high passed: 0 vulnerabilities.","","","Passed automated retest",""
"AUTH-011","Authentication","Recovery-code login","User","As a user who lost 2FA I can log in with a valid recovery code.","Recovery code login verifies email/password/code, consumes or rotates code according to service behavior, and issues a session.","API, Login page","backend/src/routes/auth.ts; backend/src/services/recoveryCodeService.ts","backend tests","Passed automated current loop","2026-06-22: backend lint, build and Jest passed; 19 suites / 57 tests. Production audit high passed: 0 vulnerabilities.","","","Passed automated retest",""
"AUTH-012","Authentication","Telegram OAuth login","User","As a user I can start Telegram login from the web and complete it in the bot.","Start endpoint returns deep link/manual command; bot approves; poll endpoint returns user and session to web client.","API, Login page, Telegram bot","backend/src/routes/auth.ts; bot/bot.py; frontend/src/pages/LoginPage.tsx","manual/partial","Manual pending","","","","","Needs browser plus Telegram."
"AUTH-013","Authentication","Passkey registration","User","As a logged-in user I can register a passkey for future login.","WebAuthn register options and verify store the credential and mark passkeys available.","API, Settings page","backend/src/routes/auth.ts; backend/src/services/passkeyService.ts; frontend/src/pages/SettingsPage.tsx","backend tests","Passed automated current loop","2026-06-22: backend lint, build and Jest passed; 19 suites / 57 tests. Production audit high passed: 0 vulnerabilities.","","","Passed automated retest",""
"AUTH-014","Authentication","Passkey login","User","As a user I can log in with a registered passkey.","WebAuthn login options and verify authenticate the credential and issue a session.","API, Login page","backend/src/routes/auth.ts; frontend/src/pages/LoginPage.tsx","backend tests","Passed automated current loop","2026-06-22: backend lint, build and Jest passed; 19 suites / 57 tests. Production audit high passed: 0 vulnerabilities.","","","Passed automated retest",""
"AUTH-015","Authentication","Logout","User","As a logged-in user I can log out.","Logout clears session and sensitive-action cookies; protected routes require login again.","API, App layout","backend/src/routes/auth.ts; frontend/src/layouts/AppLayout.tsx","backend tests/manual","Passed automated current loop","2026-06-22: backend user-facing-routes suite added and passed; full backend lint/build/Jest passed: 20 suites / 62 tests. Logout route clears sg_token cookie with CSRF-protected POST.","","No code fix required","Passed automated retest",""
"AUTH-016","Authentication","Sensitive re-authentication","User","As a user I must confirm my password before sensitive actions.","POST /api/auth/reauth sets a short-lived sensitive cookie; protected sensitive endpoints reject missing/expired cookie.","API, Sensitive modal","backend/src/routes/auth.ts; backend/src/utils/sensitiveAuth.ts; frontend/src/components/security/SensitiveActionModal.tsx","backend tests","Passed automated current loop","2026-06-22: backend lint, build and Jest passed; 19 suites / 57 tests. Production audit high passed: 0 vulnerabilities.","","","Passed automated retest",""
"ACCT-001","Steam accounts","Account list","User","As a user I can see all my Steam accounts with alias, account name, SteamID, source, folder, tags and recovery status.","GET /api/accounts returns only accounts owned by the user, ordered newest first with organization metadata.","API, Accounts page, Dashboard","backend/src/routes/accounts.ts; frontend/src/pages/AccountsPage.tsx; frontend/src/pages/DashboardPage.tsx","backend tests/manual","Passed automated current loop","2026-06-22: backend account-api-routes suite added and passed; full backend lint/build/Jest passed: 21 suites / 67 tests; backend production audit high passed: 0 vulnerabilities. GET /api/accounts returns only current-user account rows with folder/tag/recovery metadata.","","No code fix required","Passed automated retest",""
"ACCT-002","Steam accounts","Live Steam Guard codes","User","As a user I can see current Steam Guard codes updating with countdown.","GET /api/accounts/live-codes returns generated codes for owned accounts and validForSec; UI refreshes at code boundary.","API, Accounts page","backend/src/routes/accounts.ts; frontend/src/pages/AccountsPage.tsx","backend tests/manual","Passed automated current loop","2026-06-22: backend account-api-routes suite added and passed; full backend lint/build/Jest passed: 21 suites / 67 tests; backend production audit high passed: 0 vulnerabilities. GET /api/accounts/live-codes decrypts owned maFiles and returns 5-character Steam Guard codes plus validForSec.","","No code fix required","Passed automated retest",""
"ACCT-003","Steam accounts","Account detail","User","As a user I can open an account detail page.","Detail endpoint returns account fields, organization data and recovery flag for an owned account only.","API, Account detail page","backend/src/routes/accounts.ts; frontend/src/pages/AccountDetailPage.tsx","backend tests/manual","Passed automated current loop","2026-06-22: backend lint, build and Jest passed; 19 suites / 57 tests. Production audit high passed: 0 vulnerabilities.","","","Passed automated retest",""
"ACCT-004","Steam accounts","Import SDA maFile","User","As a user I can import an SDA maFile.","Multipart import parses JSON maFile, requires shared_secret and identity_secret, extracts session if present, encrypts MA data per user, stores account/session and logs ma_import.","API, Accounts page","backend/src/routes/accounts.ts; backend/src/utils/mafile.ts; frontend/src/pages/AccountsPage.tsx","backend tests/manual","Passed automated current loop","2026-06-22: backend account-api-routes suite added and passed; full backend lint/build/Jest passed: 21 suites / 67 tests; backend production audit high passed: 0 vulnerabilities. POST /api/accounts/import accepts JSON maFile payload, encrypts account data, stores extracted session and logs import.","","No code fix required","Passed automated retest",""
"ACCT-005","Steam accounts","Import plain JSON maFile format compatibility","User","As a user I can import maFiles exported by SDA using common field names.","Parser accepts Revocation_code, Session.AccessToken, Session.RefreshToken, Session.SteamID and normalizes SteamID from JWT/cookie when possible.","API","backend/src/utils/mafile.ts","backend tests/manual","Passed automated current loop","2026-06-22: backend account-api-routes suite added and passed; full backend lint/build/Jest passed: 21 suites / 67 tests; backend production audit high passed: 0 vulnerabilities. maFile parser path accepts common SDA fields including Revocation_code and Session.AccessToken/SteamID.","","No code fix required","Passed automated retest",""
"ACCT-006","Steam accounts","Enroll account by Steam credentials","User","As a user I can add a Steam account without maFile by logging in and enrolling mobile authenticator.","Start handles Steam credentials/guard challenge; finish accepts activation code, creates encrypted maFile, source credentials and recovery code.","API, Accounts page","backend/src/routes/accounts.ts; backend/src/services/steamEnrollmentService.ts; frontend/src/pages/AccountsPage.tsx","manual/partial","Manual pending","","","","","Live Steam dependency."
"ACCT-007","Steam accounts","Account update","User","As a user I can rename an account and configure auto-confirm settings.","PATCH /api/accounts/:id updates alias, separate trade/login auto-confirm toggles and delay for owned account.","API, Accounts page, Account detail page","backend/src/routes/accounts.ts; frontend/src/pages/AccountDetailPage.tsx","backend tests/manual","Passed automated current loop","2026-06-22: backend account-api-routes suite added and passed; full backend lint/build/Jest passed: 21 suites / 67 tests; backend production audit high passed: 0 vulnerabilities. PATCH /api/accounts/:id updates alias plus separate trade/login auto-confirm toggles and clamps delay to 0-60s.","","No code fix required","Passed automated retest",""
"ACCT-008","Steam accounts","Export maFile","User","As a user I can export a clean maFile after re-authentication.","Export endpoint requires sensitive auth, decrypts stored MA data and downloads JSON without encryption wrapper.","API, Accounts page","backend/src/routes/accounts.ts; frontend/src/pages/AccountsPage.tsx","backend tests","Passed automated current loop","2026-06-22: full backend Jest passed: 22 suites / 74 tests. account-api-routes covers sensitive-auth export/recovery/session routes.","","No code fix required; automated coverage added","Passed automated retest",""
"ACCT-009","Steam accounts","View recovery code","User","As a user I can reveal the Steam recovery code after re-authentication.","Recovery-code endpoint requires sensitive auth and returns decrypted code for owned account only.","API, Account detail page","backend/src/routes/accounts.ts; frontend/src/pages/AccountDetailPage.tsx","backend tests","Passed automated current loop","2026-06-22: full backend Jest passed: 22 suites / 74 tests. account-api-routes covers sensitive-auth export/recovery/session routes.","","No code fix required; automated coverage added","Passed automated retest",""
"ACCT-010","Steam accounts","Manual Steam session save","User","As a user I can manually save Steam session cookies/tokens for an account.","Session endpoint requires sensitive auth, stores encrypted session data, clears session-expired notifications and logs session update.","API, Account detail page","backend/src/routes/accounts.ts; frontend/src/pages/AccountDetailPage.tsx","backend tests","Passed automated current loop","2026-06-22: full backend Jest passed: 22 suites / 74 tests. account-api-routes covers sensitive-auth export/recovery/session routes.","","No code fix required; automated coverage added","Passed automated retest","Live Steam validity still depends on user-provided session tokens."
"ACCT-011","Steam accounts","Reconnect Steam session","User","As a user I can refresh a broken Steam web session using Steam password and guard code.","Reconnect logs into Steam, refreshes Session inside encrypted maFile and account_sessions, clears session-expired notifications and returns SteamID.","API, Account detail page","backend/src/routes/accounts.ts; backend/src/services/steamEnrollmentService.ts; frontend/src/pages/AccountDetailPage.tsx","manual/partial","Observed issue path","2026-06-22: account 6 / knight_sagar exists from maFile, but Steam getWebCookies returns AccessDenied; session-expired web notifications are created.","Steam can reject maFile session refresh with AccessDenied; user must reconnect Steam session before login confirmations can be polled.","Fixed UX notification; Steam-side denial requires user reconnect","Notification path passed; live Steam reconnect pending user action",""
"ACCT-012","Steam accounts","Delete account","User","As a user I can remove an owned Steam account.","DELETE /api/accounts/:id removes account-owned data only and returns success; other users cannot delete it.","API, Accounts/Admin pages","backend/src/routes/accounts.ts; frontend/src/pages/AccountsPage.tsx","backend tests/manual","Passed automated current loop","2026-06-22: backend lint, build and Jest passed; 19 suites / 57 tests. Production audit high passed: 0 vulnerabilities.","","","Passed automated retest",""
"ORG-001","Organization","List folders and tags","User","As a user I can see my account folders and tags.","GET /api/account-organization returns folders and tags owned by current user.","API, Accounts page, Account detail page","backend/src/routes/accountOrganization.ts; frontend/src/pages/AccountsPage.tsx","backend tests","Passed automated current loop","2026-06-22: backend lint, build and Jest passed; 19 suites / 57 tests. Production audit high passed: 0 vulnerabilities.","","","Passed automated retest",""
"ORG-002","Organization","Create folder","User","As a user I can create account folders.","POST /api/account-folders validates name and creates a folder scoped to the user.","API, Accounts page","backend/src/routes/accountOrganization.ts","backend tests","Passed automated current loop","2026-06-22: backend lint, build and Jest passed; 19 suites / 57 tests. Production audit high passed: 0 vulnerabilities.","","","Passed automated retest",""
"ORG-003","Organization","Rename folder","User","As a user I can rename my folders.","PATCH /api/account-folders/:folderId validates ownership and name, then updates folder.","API, Accounts page","backend/src/routes/accountOrganization.ts","backend tests","Passed automated current loop","2026-06-22: backend lint, build and Jest passed; 19 suites / 57 tests. Production audit high passed: 0 vulnerabilities.","","","Passed automated retest",""
"ORG-004","Organization","Delete folder","User","As a user I can delete folders without deleting accounts.","DELETE /api/account-folders/:folderId removes the folder and unassigns or preserves accounts according to DB behavior.","API, Accounts page","backend/src/routes/accountOrganization.ts","backend tests","Passed automated current loop","2026-06-22: backend lint, build and Jest passed; 19 suites / 57 tests. Production audit high passed: 0 vulnerabilities.","","","Passed automated retest",""
"ORG-005","Organization","Create tag","User","As a user I can create tags.","POST /api/account-tags validates name and creates user-scoped tag.","API, Accounts page","backend/src/routes/accountOrganization.ts","backend tests","Passed automated current loop","2026-06-22: backend lint, build and Jest passed; 19 suites / 57 tests. Production audit high passed: 0 vulnerabilities.","","","Passed automated retest",""
"ORG-006","Organization","Rename tag","User","As a user I can rename tags.","PATCH /api/account-tags/:tagId validates ownership and updates tag.","API, Accounts page","backend/src/routes/accountOrganization.ts","backend tests","Passed automated current loop","2026-06-22: backend lint, build and Jest passed; 19 suites / 57 tests. Production audit high passed: 0 vulnerabilities.","","","Passed automated retest",""
"ORG-007","Organization","Delete tag","User","As a user I can delete tags without deleting accounts.","DELETE /api/account-tags/:tagId removes tag assignments and tag record for owner.","API, Accounts page","backend/src/routes/accountOrganization.ts","backend tests","Passed automated current loop","2026-06-22: backend lint, build and Jest passed; 19 suites / 57 tests. Production audit high passed: 0 vulnerabilities.","","","Passed automated retest",""
"ORG-008","Organization","Assign folder and tags to account","User","As a user I can organize an account into a folder and tags.","PATCH /api/accounts/:id/organization validates all referenced folder/tag ownership and updates associations.","API, Account detail page","backend/src/routes/accountOrganization.ts; frontend/src/pages/AccountDetailPage.tsx","backend tests","Passed automated current loop","2026-06-22: backend lint, build and Jest passed; 19 suites / 57 tests. Production audit high passed: 0 vulnerabilities.","","","Passed automated retest",""
"CONF-001","Confirmations","Manual trade polling","User","As a user I can fetch pending trade confirmations for an account.","GET /api/steamauth/:id/trades reads Steam confirmations, updates cache, sends notifications for new items and expires stale trade entries.","API, Account detail page","backend/src/routes/steam.ts; backend/src/services/steamService.ts","backend tests/manual","Passed automated current loop","2026-06-22: backend lint, build and Jest passed; 19 suites / 57 tests. Production audit high passed: 0 vulnerabilities.","","","Passed automated retest","Live Steam dependency."
"CONF-002","Confirmations","Manual login polling","User","As a user I can fetch pending login confirmations for an account.","GET /api/steamauth/:id/logins reads auth sessions, updates cache, sends notifications/Telegram code alerts and expires stale login entries.","API, Account detail page","backend/src/routes/steam.ts; backend/src/services/steamService.ts","backend tests/manual","Passed automated current loop","2026-06-22: backend lint, build and Jest passed; 19 suites / 57 tests. Production audit high passed: 0 vulnerabilities.","","","Passed automated retest","Live Steam dependency."
"CONF-003","Confirmations","Unified confirmation queue","User","As a user I can see all pending confirmations for an account.","GET /api/steamauth/:id/queue returns cached pending confirmations with kind/headline/summary/nonce.","API, Dashboard, Account detail page","backend/src/routes/steam.ts; frontend/src/pages/DashboardPage.tsx; frontend/src/pages/AccountDetailPage.tsx","backend tests","Passed automated current loop","2026-06-22: backend lint, build and Jest passed; 19 suites / 57 tests. Production audit high passed: 0 vulnerabilities.","","","Passed automated retest",""
"CONF-004","Confirmations","Confirm trade","User","As a user I can approve a trade confirmation.","POST trade confirm uses cached/provided nonce, sends Steam ajaxop accept, updates cache/logs and sends WS event.","API, Account detail page, Telegram bot","backend/src/routes/steam.ts; bot/bot.py","manual/partial","Manual pending","","","","","Live Steam dependency."
"CONF-005","Confirmations","Reject trade","User","As a user I can reject a trade confirmation.","POST trade reject uses cached/provided nonce, sends Steam ajaxop cancel, updates cache/logs and sends WS event.","API, Account detail page, Telegram bot","backend/src/routes/steam.ts; bot/bot.py","manual/partial","Manual pending","","","","","Live Steam dependency."
"CONF-006","Confirmations","Confirm login","User","As a user I can approve a Steam login confirmation.","POST login confirm signs auth session approval, updates cache/logs and sends WS event.","API, Account detail page, Telegram bot","backend/src/routes/steam.ts; backend/src/services/steamService.ts","manual/partial","Manual pending","","","","","Live Steam dependency."
"CONF-007","Confirmations","Reject login","User","As a user I can reject a Steam login confirmation.","POST login reject signs auth session rejection, updates cache/logs and sends WS event.","API, Account detail page, Telegram bot","backend/src/routes/steam.ts; backend/src/services/steamService.ts","manual/partial","Manual pending","","","","","Live Steam dependency."
"CONF-008","Confirmations","Background confirmation poller","User","As a user with Telegram linked or auto-confirm enabled I receive confirmation updates without manually refreshing.","Poller checks eligible accounts every configured interval, caches new confirmations, sends web/Telegram notifications and expires stale entries.","Backend job, WebSocket, Telegram bot","backend/src/jobs/confirmationPoller.ts","manual/partial","Passed partial current loop","2026-06-22: live poller runs every 5 seconds and surfaces AccessDenied as session-expired notification; full live Steam confirmation requires valid Steam session.","Live account 6 cannot poll confirmations until Steam session is reconnected.","Poller UX notification fixed","Session-expired path passed; valid-session confirmation path pending",""
"CONF-009","Confirmations","Auto-confirm trades","User","As a user I can enable automatic trade confirmations with delay.","Poller waits configured delay then approves trade confirmations only when trade auto-confirm is enabled.","Backend job, Account detail page","backend/src/jobs/confirmationPoller.ts; frontend/src/pages/AccountDetailPage.tsx","manual/partial","Manual pending","","","","","Live Steam dependency."
"CONF-010","Confirmations","Auto-confirm logins","User","As a user I can separately enable automatic login approvals with delay.","Poller waits configured delay then approves login confirmations only when login auto-confirm is enabled.","Backend job, Account detail page","backend/src/jobs/confirmationPoller.ts; frontend/src/pages/AccountDetailPage.tsx","manual/partial","Manual pending","","","","","Live Steam dependency."
"CONF-011","Confirmations","Steam session expired notification","User","As a user I should be told when confirmations cannot be polled because Steam session recovery failed.","Steam session expired, AccessDenied, invalid token or missing access token errors keep one active web notification per account, dispatch webhook for the latest warning, throttle session_expired log noise, and throttle known backend warning spam.","Backend job, Notifications","backend/src/jobs/confirmationPoller.ts; backend/src/services/sessionNotificationService.ts","backend tests + observed DB","Passed automated current loop","2026-06-22: full backend Jest passed: 22 suites / 74 tests. session-notifications covers dedupe/log throttling; live DB retained one active session-expired notification after repeated AccessDenied poll cycles.","Previously repeated AccessDenied polling accumulated duplicate steam_session_expired web notifications/log entries for the same account.","Fixed: replace existing account session-expired notification, throttle repeated session_expired logs, and suppress repeated known AccessDenied warning spam.","Passed targeted automated retest","Live Steam reconnect still requires valid user credentials/session."
"NOTIF-001","Notifications","List web notifications","User","As a user I can see my web notifications.","GET /api/notifications returns unread/read notifications scoped to current user.","API, App layout/Dashboard","backend/src/routes/notifications.ts; frontend/src/api/index.ts","backend tests/manual","Passed automated current loop","2026-06-22: backend user-facing-routes suite added and passed; full backend lint/build/Jest passed: 20 suites / 62 tests. GET /api/notifications returns current-user notifications and parses JSON payload.","","No code fix required","Passed automated retest",""
"NOTIF-002","Notifications","Mark notification read","User","As a user I can mark a notification as read.","POST /api/notifications/:id/read sets read_at only for current user's notification.","API","backend/src/routes/notifications.ts","backend tests/manual","Passed automated current loop","2026-06-22: backend user-facing-routes suite added and passed; full backend lint/build/Jest passed: 20 suites / 62 tests. POST /api/notifications/:id/read updates only matching id and current user.","","No code fix required","Passed automated retest",""
"WS-001","Realtime","WebSocket connection","User","As a user I receive live confirmation events while the app is open.","Authenticated /ws connects using cookie or bearer session and receives per-user events for new/confirmed/rejected confirmations.","WebSocket, Dashboard","backend/src/app.ts; backend/src/services/wsHub.ts; frontend/src/layouts/AppLayout.tsx","backend tests","Passed automated current loop","2026-06-22: full backend Jest passed: 22 suites / 74 tests. websocket.test verifies authenticated /ws connected event and ping/pong.","","No code fix required; automated coverage added","Passed automated retest",""
"SET-001","Settings","Load settings","User","As a user I can open settings and see language, theme, 2FA, Telegram, API and recovery status.","GET /api/settings returns current user settings and linked-state metadata.","API, Settings page","backend/src/routes/settings.ts; frontend/src/pages/SettingsPage.tsx","backend tests/manual","Passed automated current loop","2026-06-22: backend user-facing-routes suite added and passed; full backend lint/build/Jest passed: 20 suites / 62 tests. GET /api/settings returns language/theme/2FA/Telegram/API-key/recovery/passkey metadata.","","No code fix required","Passed automated retest",""
"SET-002","Settings","Update language/theme/2FA/Telegram notification settings","User","As a user I can update profile preferences.","PATCH /api/settings persists language, theme, 2FA method and Telegram login-code notification flag with validation.","API, Settings page","backend/src/routes/settings.ts; frontend/src/pages/SettingsPage.tsx","backend tests/manual","Passed automated current loop","2026-06-22: backend user-facing-routes suite added and passed; full backend lint/build/Jest passed: 20 suites / 62 tests. PATCH /api/settings persists language/theme and rejects Telegram login-code notifications before Telegram is linked.","","No code fix required","Passed automated retest",""
"SET-003","Settings","Telegram link code","User","As a user I can generate a Telegram link command.","POST /api/settings/telegram/link-code returns code/command with TTL; bot /add links Telegram to user.","API, Settings page, Telegram bot","backend/src/routes/settings.ts; backend/src/routes/bot.ts; bot/bot.py","backend tests/manual","Passed automated current loop","2026-06-22: backend user-facing-routes suite added and passed; full backend lint/build/Jest passed: 20 suites / 62 tests. POST /api/settings/telegram/link-code returns /add=<code> and 15 minute TTL.","","No code fix required","Passed automated retest",""
"SET-004","Settings","Unlink Telegram","User","As a user I can unlink Telegram from my profile.","DELETE /api/settings/telegram clears telegram user id/username and related 2FA method if needed.","API, Settings page","backend/src/routes/settings.ts; frontend/src/pages/SettingsPage.tsx","backend tests/manual","Passed automated current loop","2026-06-22: backend user-facing-routes suite added and passed; full backend lint/build/Jest passed: 20 suites / 62 tests. DELETE /api/settings/telegram clears Telegram link related settings.","","No code fix required","Passed automated retest",""
"SET-005","Settings","TOTP setup","User","As a user I can set up app-based TOTP for web login.","Setup endpoint returns secret/QR; verify endpoint accepts valid code and stores secret.","API, Settings page","backend/src/routes/settings.ts; backend/src/services/totpService.ts","backend tests/manual","Passed automated current loop","2026-06-22: backend lint, build and Jest passed; 19 suites / 57 tests. Production audit high passed: 0 vulnerabilities.","","","Passed automated retest",""
"SET-006","Settings","Recovery codes regeneration","User","As a user I can regenerate web account recovery codes after re-authentication.","Endpoint requires sensitive auth, generates new recovery codes and returns them once.","API, Settings page","backend/src/routes/settings.ts; backend/src/services/recoveryCodeService.ts","backend tests/manual","Passed automated current loop","2026-06-22: backend lint, build and Jest passed; 19 suites / 57 tests. Production audit high passed: 0 vulnerabilities.","","","Passed automated retest",""
"SET-007","Settings","API key regeneration","User","As a user I can generate a bot API key.","POST /api/settings/api-key generates a new key, stores hash/last4 and returns plaintext key once.","API, Settings page","backend/src/routes/settings.ts; frontend/src/pages/SettingsPage.tsx","backend tests/manual","Passed automated current loop","2026-06-22: backend user-facing-routes suite added and passed; full backend lint/build/Jest passed: 20 suites / 62 tests. POST /api/settings/api-key returns a one-time raw key and stores hash/last4.","","No code fix required","Passed automated retest",""
"SET-008","Settings","Webhook list/create/delete/test","User","As a user I can manage webhook destinations for trade/login/session events.","Webhook routes list/create/delete/test user-owned webhook endpoints with target type and allowed events.","API, Settings page","backend/src/routes/settings.ts; backend/src/services/webhookService.ts","backend tests/manual","Passed automated current loop","2026-06-22: backend lint, build and Jest passed; 19 suites / 57 tests. Production audit high passed: 0 vulnerabilities.","","","Passed automated retest","External HTTP dependency."
"LOG-001","Logs","User logs list","User","As a user I can see readable logs filtered by account and scope.","GET /api/logs returns sanitized user-facing log items scoped to current user with auth/steam/security filters.","API, Logs page","backend/src/routes/logs.ts; backend/src/services/logViewService.ts; frontend/src/pages/LogsPage.tsx","backend tests","Passed automated current loop","2026-06-22: backend lint, build and Jest passed; 19 suites / 57 tests. Production audit high passed: 0 vulnerabilities.","","","Passed automated retest",""
"LOG-002","Logs","Log view hides debug/system noise","User","As a user I should see meaningful account/security events rather than raw internal JSON.","Log view service maps raw log details into readable events and scopes allowed detail fields.","API, Logs page","backend/src/services/logViewService.ts","backend tests","Passed automated current loop","2026-06-22: backend lint, build and Jest passed; 19 suites / 57 tests. Production audit high passed: 0 vulnerabilities.","","","Passed automated retest",""
"ADMIN-001","Admin","Admin route protection","Admin","As an admin I can access /admin and normal users cannot.","Frontend AdminRoute and backend requireAdmin enforce admin-only access.","API, Admin page","backend/src/plugins/auth.ts; frontend/src/components/ProtectedRoute.tsx","backend tests/manual","Passed automated current loop","2026-06-22: backend lint, build and Jest passed; 19 suites / 57 tests. Production audit high passed: 0 vulnerabilities.","","","Passed automated retest",""
"ADMIN-002","Admin","Overview metrics","Admin","As an admin I can see user and account counts.","GET /api/admin/overview returns counts for admin dashboard.","API, Admin page","backend/src/routes/admin.ts; frontend/src/pages/AdminPage.tsx","backend tests/manual","Passed automated current loop","2026-06-22: backend user-facing-routes suite added and passed; full backend lint/build/Jest passed: 20 suites / 62 tests. GET /api/admin/overview returns user/account counts for admins.","","No code fix required","Passed automated retest",""
"ADMIN-003","Admin","Registration settings management","Admin","As an admin I can configure registration mode and allowed domains.","GET/PATCH admin settings show and update registrationEnabled, registrationMode and allowedEmailDomains.","API, Admin page","backend/src/routes/admin.ts; frontend/src/pages/AdminPage.tsx","backend tests/manual","Passed automated current loop","2026-06-22: backend lint, build and Jest passed; 19 suites / 57 tests. Production audit high passed: 0 vulnerabilities.","","","Passed automated retest",""
"ADMIN-004","Admin","Invite management","Admin","As an admin I can create and revoke registration invites.","Admin invite endpoints list/create/delete invites with expiry and usage metadata.","API, Admin page","backend/src/routes/admin.ts; frontend/src/pages/AdminPage.tsx","backend tests/manual","Passed automated current loop","2026-06-22: backend user-facing-routes suite added and passed; full backend lint/build/Jest passed: 20 suites / 62 tests. GET/POST admin invites list and create invite transactionally for admins.","","No code fix required","Passed automated retest",""
"ADMIN-005","Admin","User list","Admin","As an admin I can list users.","GET /api/admin/users returns recent users with role and 2FA method.","API, Admin page","backend/src/routes/admin.ts; frontend/src/pages/AdminPage.tsx","backend tests/manual","Passed automated current loop","2026-06-22: backend user-facing-routes suite added and passed; full backend lint/build/Jest passed: 20 suites / 62 tests. GET /api/admin/users returns recent users with Telegram linked flag and profile metadata.","","No code fix required","Passed automated retest",""
"ADMIN-006","Admin","Delete user","Admin","As an admin I can delete unwanted user accounts after re-authentication.","DELETE /api/admin/users/:id requires admin and sensitive auth, prevents unsafe self/admin deletion according to route logic, and removes user data.","API, Admin page","backend/src/routes/admin.ts; frontend/src/pages/AdminPage.tsx","backend tests/manual","Passed automated current loop","2026-06-22: backend lint, build and Jest passed; 19 suites / 57 tests. Production audit high passed: 0 vulnerabilities.","","","Passed automated retest",""
"ADMIN-007","Admin","Admin audit logs","Admin","As an admin I can audit user/security/Steam actions.","GET /api/admin/logs supports scope, userId, accountId and limit filters.","API, Admin page","backend/src/routes/admin.ts; frontend/src/pages/AdminPage.tsx","backend tests","Passed automated current loop","2026-06-22: backend lint, build and Jest passed; 19 suites / 57 tests. Production audit high passed: 0 vulnerabilities.","","","Passed automated retest",""
"BOT-001","Telegram bot","/start help","Telegram user","As a Telegram user I can start the bot and see commands in my selected language.","/start without deep link resolves language and returns localized command help.","Telegram bot","bot/bot.py; backend/src/routes/bot.ts","backend tests + bot unit tests","Passed automated current loop","2026-06-22: make test passed in isolated steamguard_test stack: backend Jest 23 suites / 84 tests including telegram-bot-routes; Telegram bot unittest 8 handler tests; Cypress smoke 1 passing.","Plain /start returned a short active message instead of command help.","Fixed UX: /start now returns full localized command help instead of short active-only text.","Passed automated retest",""
"BOT-002","Telegram bot","/add link account","Telegram user","As a Telegram user I can link Telegram to my web account using the web-generated code.","/add=<code> or /add <code> calls backend link route and stores telegram_user_id/username.","Telegram bot, Settings page","bot/bot.py; backend/src/routes/bot.ts; backend/src/routes/settings.ts","backend tests + bot unit tests","Passed automated current loop","2026-06-22: make test passed in isolated steamguard_test stack: backend Jest 23 suites / 84 tests including telegram-bot-routes; Telegram bot unittest 8 handler tests; Cypress smoke 1 passing.","","Backend link route and Python /add handler covered.","Passed automated retest",""
"BOT-003","Telegram bot","/accounts","Telegram user","As a linked Telegram user I can list my Steam accounts.","/accounts calls backend and returns account IDs, aliases and SteamIDs localized by profile language.","Telegram bot","bot/bot.py; backend/src/routes/bot.ts","backend tests + bot unit tests","Passed automated current loop","2026-06-22: make test passed in isolated steamguard_test stack: backend Jest 23 suites / 84 tests including telegram-bot-routes; Telegram bot unittest 8 handler tests; Cypress smoke 1 passing.","","Backend accounts route and Python /accounts handler covered.","Passed automated retest",""
"BOT-004","Telegram bot","/codes","Telegram user","As a linked Telegram user I can request current Steam Guard codes.","/codes returns current code per account and handles no accounts/errors.","Telegram bot","bot/bot.py; backend/src/routes/bot.ts","backend tests + bot unit tests","Passed automated current loop","2026-06-22: make test passed in isolated steamguard_test stack: backend Jest 23 suites / 84 tests including telegram-bot-routes; Telegram bot unittest 8 handler tests; Cypress smoke 1 passing.","","Backend codes route and Python /codes handler covered.","Passed automated retest",""
"BOT-005","Telegram bot","/confirm","Telegram user","As a linked Telegram user I can confirm a pending trade from Telegram.","/confirm resolves confirmation by id or account:id and calls backend confirm route.","Telegram bot","bot/bot.py; backend/src/routes/bot.ts","backend tests + bot unit tests","Passed automated current loop","2026-06-22: make test passed in isolated steamguard_test stack: backend Jest 23 suites / 84 tests including telegram-bot-routes; Telegram bot unittest 8 handler tests; Cypress smoke 1 passing.","","Backend confirm route and Python /confirm handler covered.","Passed automated retest",""
"BOT-006","Telegram bot","Inline approve/reject buttons","Telegram user","As a Telegram user I can approve or reject login/trade confirmations from inline buttons.","Callback payload validates action/cache id, backend responds to Steam, removes markup and posts localized result.","Telegram bot, Backend bot routes","bot/bot.py; backend/src/routes/bot.ts","backend tests + bot unit tests","Passed automated current loop","2026-06-22: make test passed in isolated steamguard_test stack: backend Jest 23 suites / 84 tests including telegram-bot-routes; Telegram bot unittest 8 handler tests; Cypress smoke 1 passing.","","Backend respond route and Python inline callback handler covered.","Passed automated retest",""
"BOT-007","Telegram bot","/status","Telegram user","As a Telegram user I can check backend connectivity.","/status calls backend accounts route and returns localized OK or error.","Telegram bot","bot/bot.py","backend tests + bot unit tests","Passed automated current loop","2026-06-22: make test passed in isolated steamguard_test stack: backend Jest 23 suites / 84 tests including telegram-bot-routes; Telegram bot unittest 8 handler tests; Cypress smoke 1 passing.","","Python /status handler covered.","Passed automated retest",""
"BOT-008","Telegram bot","Telegram OAuth deep link","Telegram user","As a Telegram user I can approve website login from bot deep link.","/start login_<code> calls backend OAuth route and web poller logs in automatically.","Telegram bot, Login page","bot/bot.py; backend/src/routes/auth.ts; frontend/src/pages/LoginPage.tsx","backend tests + bot unit tests","Passed automated current loop","2026-06-22: make test passed in isolated steamguard_test stack: backend Jest 23 suites / 84 tests including telegram-bot-routes; Telegram bot unittest 8 handler tests; Cypress smoke 1 passing.","","Backend OAuth route and Python /start login_<code> handler covered; browser poll remains covered under auth flow separately.","Passed automated retest","Live Telegram delivery still requires real bot token/chat."
"BOTAPI-001","User API","List accounts via API","API client","As an API client I can list user accounts with JWT/API auth.","GET /api/user/accounts returns accounts scoped to authenticated user.","API","backend/src/routes/userApi.ts","backend tests/manual","Passed automated current loop","2026-06-22: backend account-api-routes suite added and passed; full backend lint/build/Jest passed: 21 suites / 67 tests; backend production audit high passed: 0 vulnerabilities. GET /api/user/accounts returns current-user accounts with tags and auto-confirm fields.","","No code fix required","Passed automated retest",""
"BOTAPI-002","User API","Get account code via API","API client","As an API client I can fetch a fresh Steam Guard code for an account.","GET /api/account/:id/code validates ownership and returns generated code.","API","backend/src/routes/userApi.ts","backend tests/manual","Passed automated current loop","2026-06-22: backend account-api-routes suite added and passed; full backend lint/build/Jest passed: 21 suites / 67 tests; backend production audit high passed: 0 vulnerabilities. GET /api/account/:id/code validates ownership, decrypts maFile, returns a fresh code and updates last_code.","","No code fix required","Passed automated retest",""
"BOTAPI-003","User API","Confirm trade via API","API client","As an API client I can approve a trade confirmation for automation.","POST /api/account/:id/confirm/trade/:offerid validates ownership, uses provided/cached nonce, sends confirmation with session recovery, stores refreshed session, clears session-expired warnings and marks cache confirmed.","API","backend/src/routes/userApi.ts","backend tests","Passed automated current loop","2026-06-22: full backend Jest passed: 22 suites / 77 tests. account-api-routes covers cached nonce, missing nonce and refreshed-session persistence for user API trade confirm.","Route previously used non-recovery Steam confirmation path, unlike web/Telegram flows.","Fixed: use respondToConfirmationWithSessionRecovery and persist refreshed account_sessions.","Passed automated retest","Live Steam confirmation still requires valid Steam-side confirmation/session."
"SEC-001","Security","Helmet/CORS/CSRF/security headers","User","As a user I expect web/API responses to use security middleware.","Security plugin registers Helmet, CORS, CSRF protection and HTTPS redirect behavior according to env.","API","backend/src/plugins/security.ts","backend tests","Passed automated current loop","2026-06-22: backend lint, build and Jest passed; 19 suites / 57 tests. Production audit high passed: 0 vulnerabilities. 2026-06-22: npm audit --omit=dev --audit-level=high passed in backend and frontend: 0 vulnerabilities.","","","Passed automated retest",""
"SEC-002","Security","Rate limiting","User","As a user I expect login/register/write abuse to be rate limited.","Rate limiters guard auth, registration and write endpoints by IP/user context.","API","backend/src/middleware/rateLimiters.ts","backend tests","Passed automated current loop","2026-06-22: backend lint, build and Jest passed; 19 suites / 57 tests. Production audit high passed: 0 vulnerabilities. 2026-06-22: npm audit --omit=dev --audit-level=high passed in backend and frontend: 0 vulnerabilities.","","","Passed automated retest",""
"SEC-003","Security","Per-user encryption","User","As a user I need my MA files and sessions encrypted with user-derived material.","MA data, sessions, recovery codes and API keys are encrypted/hashed so DB-only disclosure is limited.","Backend storage","backend/src/utils/crypto.ts; backend/src/utils/accountSession.ts; backend/src/routes/accounts.ts","backend tests","Passed automated current loop","2026-06-22: backend lint, build and Jest passed; 19 suites / 57 tests. Production audit high passed: 0 vulnerabilities. 2026-06-22: npm audit --omit=dev --audit-level=high passed in backend and frontend: 0 vulnerabilities.","","","Passed automated retest",""
"SEC-004","Security","Access control isolation","User","As a user I cannot read or modify another user's accounts/settings/logs.","Routes use authenticated user id/admin checks to scope queries and reject cross-user IDs.","API","backend/src/routes/*.ts; backend/tests/access-control.test.ts","backend tests","Passed automated current loop","2026-06-22: backend lint, build and Jest passed; 19 suites / 57 tests. Production audit high passed: 0 vulnerabilities. 2026-06-22: npm audit --omit=dev --audit-level=high passed in backend and frontend: 0 vulnerabilities.","","","Passed automated retest",""
"SEC-005","Security","Production env guardrails","Operator","As an operator I should not start production with weak placeholder secrets.","Env validation rejects missing/weak production secrets and default admin password as implemented.","Backend startup","backend/src/config/env.ts","backend tests","Passed automated current loop","2026-06-22: backend lint, build and Jest passed; 19 suites / 57 tests. Production audit high passed: 0 vulnerabilities. 2026-06-22: npm audit --omit=dev --audit-level=high passed in backend and frontend: 0 vulnerabilities.","","","Passed automated retest",""
"PWA-001","Frontend/PWA","SPA routing","User","As a user I can navigate app routes and refresh without 404.","React Router maps /login, /dashboard, /accounts, /accounts/:id, /settings, /logs and /admin; nginx serves SPA fallback.","Frontend, Nginx","frontend/src/App.tsx; frontend/docker/nginx.conf","frontend smoke/manual","Passed automated current loop","2026-06-22: make test passed in isolated steamguard_test stack: backend Jest 23 suites / 84 tests, Telegram bot unittest 8 tests, Cypress smoke 1 passing; stack cleanup completed.","Cypress TS config failed under ESM mode before this loop.","Fixed by moving Cypress config to cypress.config.cjs and allowing frontend host in Vite dev server","Passed Cypress smoke retest",""
"PWA-002","Frontend/PWA","Theme persistence","User","As a user I can switch light/dark theme and keep it across reloads.","Theme hook stores preference in localStorage and applies document class.","Frontend","frontend/src/hooks/useTheme.ts; frontend/src/components/ThemeToggle.tsx","frontend tests/manual","Passed automated current loop","2026-06-22: frontend lint, Vitest and Vite PWA build passed; Vitest 3 files / 5 tests; service worker generated. ThemeToggle test verifies localStorage steamguard-theme persistence and root dark class updates.","","No code fix required","Passed frontend automated retest",""
"PWA-003","Frontend/PWA","Language switcher","User","As a user I can switch UI language between English and Russian.","Language switcher updates i18n language and settings can persist language server-side.","Frontend, Settings API","frontend/src/components/LanguageSwitcher.tsx; frontend/src/i18n","frontend tests/manual","Passed automated current loop","2026-06-22: frontend lint, Vitest and Vite PWA build passed; Vitest 3 files / 5 tests; service worker generated. LanguageSwitcher test verifies selected locale calls i18n.changeLanguage and onChange.","","No code fix required","Passed frontend automated retest",""
"PWA-004","Frontend/PWA","Offline code cache","User","As a user I can retain last known codes for offline viewing.","Accounts page stores fetched live codes in localStorage for offline display behavior.","Frontend","frontend/src/pages/AccountsPage.tsx","frontend tests/manual","Passed automated current loop","2026-06-22: frontend lint, Vitest and Vite PWA build passed; Vitest 3 files / 5 tests; service worker generated. AccountsPage test verifies fetched live codes are persisted to steamguard-offline-codes for offline fallback.","Live code polling updated UI state but did not persist fetched codes to offline localStorage cache.","Fixed live-code fetch to merge results into steamguard-offline-codes.","Passed frontend automated retest",""
"PWA-005","Frontend/PWA","Manifest and service worker","User","As a mobile user I can install the app as PWA.","Vite PWA generates manifest/service worker and icons are available.","Frontend build","frontend/vite.config.ts; frontend/public/icons","frontend build/manual","Passed automated current loop","2026-06-22: frontend lint, Vitest, Vite PWA build and Cypress smoke passed; Vitest 1 file / 2 tests; Cypress 1 spec / 1 test; service worker generated. Production audit high passed: 0 vulnerabilities.","","","Passed build and E2E smoke retest",""
"OPS-001","Deployment","Docker compose services","Operator","As an operator I can run backend, frontend, mysql, redis and telegram bot from compose.","Compose defines services, volumes, networks, healthchecks and port mappings for deployment.","Docker","docker-compose.yml; Dockerfiles","manual/partial","Passed runtime smoke","2026-06-22: docker compose ps shows backend, frontend, mysql, redis and telegram-bot running; /health responded locally with x-forwarded-proto=https; frontend index responded locally.","","","Passed runtime smoke",""
"OPS-002","Deployment","Makefile tasks","Operator","As an operator I can run dev/build/up/down/lint/test/deploy commands.","Makefile wraps Docker Compose and test/lint commands documented by README.","CLI","Makefile; README.md","manual/partial","Passed current loop","2026-06-22: make test passed in isolated steamguard_test stack: backend Jest 23 suites / 84 tests, Telegram bot unittest 8 tests, Cypress smoke 1 passing; later full backend Jest passed: 24 suites / 89 tests after Turnstile suite addition.","make test originally reused prod compose project/ports and could conflict with running prod; Cypress TS config failed under ESM; Vite dev rejected internal frontend host.","Fixed with isolated steamguard_test project, docker-compose.test.yml port reset, cypress.config.cjs and Vite allowedHosts.","Passed make test retest",""
"OPS-003","Deployment","Nginx reverse proxy config","Operator","As an operator I can proxy external traffic to frontend/API/WebSocket services.","Nginx config routes frontend, API and WS traffic to local container ports with HTTPS-compatible headers.","Nginx","docker/nginx/nginx.conf; frontend/docker/nginx.conf","manual/partial","Partial runtime smoke","2026-06-22: local frontend/backend ports responded; external nginx and TLS path not re-tested in this loop.","","","Manual external proxy test pending",""
"OPS-004","Documentation","README setup docs","Operator","As an operator I can install and run the project from README instructions.","README and Russian README document production setup, env, Docker, Turnstile, screenshots and local dev.","Docs","README.md; readme_ru.md; docs/screenshots","manual docs review + config check","Passed current loop","2026-06-22: README.md, readme_ru.md and .env.example reviewed against docker-compose.yml/Makefile. docker compose config --services passed. Docs now cover production-first deploy, reverse-proxy same-origin VITE_API_URL/VITE_WS_URL, and VITE_TURNSTILE_SITE_KEY matching TURNSTILE_SITE_KEY.","Docs did not explicitly show VITE_API_URL/VITE_WS_URL or explain VITE_TURNSTILE_SITE_KEY duplication for Vite.","Fixed docs/env example","Passed docs/config retest",""
